,mean_fit_time,std_fit_time,mean_score_time,std_score_time,param_class_weight,param_criterion,param_max_depth,param_max_features,param_min_samples_split,param_splitter,params,split0_test_score,split1_test_score,split2_test_score,mean_test_score,std_test_score,rank_test_score
19,0.07431761423746745,0.00412776410013498,0.022256851196289062,0.002248439660605225,,entropy,6,sqrt,0.005,best,"{'class_weight': None, 'criterion': 'entropy', 'max_depth': 6, 'max_features': 'sqrt', 'min_samples_split': 0.005, 'splitter': 'best'}",0.6717791411042945,0.6430678466076696,0.6945337620578779,0.669793583256614,0.021057729273861434,1
33,0.06768075625101726,0.003480015362525588,0.025942643483479817,0.0016243437711133818,,entropy,9,sqrt,0.01,best,"{'class_weight': None, 'criterion': 'entropy', 'max_depth': 9, 'max_features': 'sqrt', 'min_samples_split': 0.01, 'splitter': 'best'}",0.6697247706422018,0.6606060606060606,0.6756756756756757,0.6686688356413127,0.006197288311897337,2
31,0.0716405709584554,0.003972466633242638,0.023501475652058918,0.0020080943809460588,,entropy,9,sqrt,0.005,best,"{'class_weight': None, 'criterion': 'entropy', 'max_depth': 9, 'max_features': 'sqrt', 'min_samples_split': 0.005, 'splitter': 'best'}",0.6627906976744186,0.649390243902439,0.6855345911949685,0.6659051775906087,0.014919304031176283,3
26,0.1443345546722412,0.007631803715819951,0.025659879048665363,0.005126570031595959,,entropy,9,,0.01,random,"{'class_weight': None, 'criterion': 'entropy', 'max_depth': 9, 'max_features': None, 'min_samples_split': 0.01, 'splitter': 'random'}",0.6770186335403726,0.6635220125786163,0.6404494382022472,0.6603300281070786,0.015098964325838076,4
57,0.050327698389689125,0.004202199803774923,0.023606061935424805,0.001245345528683752,,gini,6,sqrt,0.01,best,"{'class_weight': None, 'criterion': 'gini', 'max_depth': 6, 'max_features': 'sqrt', 'min_samples_split': 0.01, 'splitter': 'best'}",0.659942363112392,0.6735395189003437,0.6448863636363636,0.6594560818830332,0.011702654363318804,5
55,0.053741455078125,0.004113067128597111,0.019796371459960938,0.003472250283860467,,gini,6,sqrt,0.005,best,"{'class_weight': None, 'criterion': 'gini', 'max_depth': 6, 'max_features': 'sqrt', 'min_samples_split': 0.005, 'splitter': 'best'}",0.6628242074927954,0.659375,0.65,0.6573997358309317,0.005418568436882608,6
30,0.06290388107299805,0.0010261627783887547,0.01895626386006673,0.002160907177133489,,entropy,9,sqrt,0.005,random,"{'class_weight': None, 'criterion': 'entropy', 'max_depth': 9, 'max_features': 'sqrt', 'min_samples_split': 0.005, 'splitter': 'random'}",0.6563380281690141,0.6606060606060606,0.6515580736543909,0.6561673874764885,0.003695795417665478,7
21,0.061430772145589195,0.004737958328216064,0.023272116978963215,0.0020474876780081654,,entropy,6,sqrt,0.01,best,"{'class_weight': None, 'criterion': 'entropy', 'max_depth': 6, 'max_features': 'sqrt', 'min_samples_split': 0.01, 'splitter': 'best'}",0.6837060702875399,0.6397694524495677,0.6438356164383562,0.6557703797251545,0.019823143507761123,8
62,0.1240374247233073,0.0028686887663777628,0.018953879674275715,0.0035484311346932586,,gini,9,,0.01,random,"{'class_weight': None, 'criterion': 'gini', 'max_depth': 9, 'max_features': None, 'min_samples_split': 0.01, 'splitter': 'random'}",0.655367231638418,0.6687306501547987,0.6424418604651163,0.6555132474194444,0.010732850081046179,9
9,0.06510694821675618,0.002650940949662882,0.026105801264444988,0.0032255311256468733,,entropy,3,sqrt,0.01,best,"{'class_weight': None, 'criterion': 'entropy', 'max_depth': 3, 'max_features': 'sqrt', 'min_samples_split': 0.01, 'splitter': 'best'}",0.6666666666666666,0.6420118343195266,0.6535211267605634,0.6540665425822522,0.010072679164628354,10
7,0.06483157475789388,0.007286313422667775,0.024947643280029297,0.0016112943190470087,,entropy,3,sqrt,0.005,best,"{'class_weight': None, 'criterion': 'entropy', 'max_depth': 3, 'max_features': 'sqrt', 'min_samples_split': 0.005, 'splitter': 'best'}",0.6666666666666666,0.6420118343195266,0.6535211267605634,0.6540665425822522,0.010072679164628354,10
43,0.05286796887715658,0.003631083647031549,0.021916707356770832,0.0018678970221187845,,gini,3,sqrt,0.005,best,"{'class_weight': None, 'criterion': 'gini', 'max_depth': 3, 'max_features': 'sqrt', 'min_samples_split': 0.005, 'splitter': 'best'}",0.6666666666666666,0.6412429378531074,0.6535211267605634,0.6538102437601124,0.010381207000341914,12
45,0.06093676884969076,0.003038281381423803,0.021938323974609375,0.003248407535641161,,gini,3,sqrt,0.01,best,"{'class_weight': None, 'criterion': 'gini', 'max_depth': 3, 'max_features': 'sqrt', 'min_samples_split': 0.01, 'splitter': 'best'}",0.6666666666666666,0.6412429378531074,0.6535211267605634,0.6538102437601124,0.010381207000341914,12
67,0.05549788475036621,0.0022075980523348815,0.01924904187520345,0.001240696708263297,,gini,9,sqrt,0.005,best,"{'class_weight': None, 'criterion': 'gini', 'max_depth': 9, 'max_features': 'sqrt', 'min_samples_split': 0.005, 'splitter': 'best'}",0.6432584269662921,0.6677852348993288,0.6434316353887399,0.6514917657514536,0.011521439520707265,14
25,0.18826850255330405,0.004936221226340089,0.020946741104125977,0.0037288988082335058,,entropy,9,,0.005,best,"{'class_weight': None, 'criterion': 'entropy', 'max_depth': 9, 'max_features': None, 'min_samples_split': 0.005, 'splitter': 'best'}",0.6424418604651163,0.6586826347305389,0.6446991404011462,0.6486078785322672,0.007183284416772145,15
12,0.13683978716532388,0.005944106340820656,0.028098901112874348,0.0023959909503903703,,entropy,6,,0.005,random,"{'class_weight': None, 'criterion': 'entropy', 'max_depth': 6, 'max_features': None, 'min_samples_split': 0.005, 'splitter': 'random'}",0.655367231638418,0.6410256410256411,0.647887323943662,0.6480933988692404,0.0058567428651277445,16
63,0.1695880095163981,0.005688442118693824,0.019697825113932293,0.0026631140368915023,,gini,9,,0.01,best,"{'class_weight': None, 'criterion': 'gini', 'max_depth': 9, 'max_features': None, 'min_samples_split': 0.01, 'splitter': 'best'}",0.640117994100295,0.6626865671641791,0.6408045977011494,0.6478697196552078,0.010480842323155042,17
32,0.06379858652750652,0.0028025848471430925,0.019568602244059246,0.0010549047183184,,entropy,9,sqrt,0.01,random,"{'class_weight': None, 'criterion': 'entropy', 'max_depth': 9, 'max_features': 'sqrt', 'min_samples_split': 0.01, 'splitter': 'random'}",0.627906976744186,0.6448863636363636,0.6705882352941176,0.6477938585582224,0.017545419210190868,18
153,0.06027515729268392,0.003353734586980936,0.026598453521728516,0.0009390357397071773,"{0: 1, 1: 2}",entropy,3,sqrt,0.01,best,"{'class_weight': {0: 1, 1: 2}, 'criterion': 'entropy', 'max_depth': 3, 'max_features': 'sqrt', 'min_samples_split': 0.01, 'splitter': 'best'}",0.6577540106951871,0.6394366197183099,0.6451612903225806,0.6474506402453591,0.00765125459654126,19
151,0.058677117029825844,0.006622923110502814,0.024268388748168945,0.0009405490764054795,"{0: 1, 1: 2}",entropy,3,sqrt,0.005,best,"{'class_weight': {0: 1, 1: 2}, 'criterion': 'entropy', 'max_depth': 3, 'max_features': 'sqrt', 'min_samples_split': 0.005, 'splitter': 'best'}",0.6577540106951871,0.6394366197183099,0.6451612903225806,0.6474506402453591,0.00765125459654126,19
187,0.04987517992655436,0.006142155594459761,0.021510601043701172,0.0019691940702616074,"{0: 1, 1: 2}",gini,3,sqrt,0.005,best,"{'class_weight': {0: 1, 1: 2}, 'criterion': 'gini', 'max_depth': 3, 'max_features': 'sqrt', 'min_samples_split': 0.005, 'splitter': 'best'}",0.6577540106951871,0.6394366197183099,0.6451612903225806,0.6474506402453591,0.00765125459654126,19
189,0.04536120096842448,0.0008932964442845469,0.02171627680460612,0.0005475157379209851,"{0: 1, 1: 2}",gini,3,sqrt,0.01,best,"{'class_weight': {0: 1, 1: 2}, 'criterion': 'gini', 'max_depth': 3, 'max_features': 'sqrt', 'min_samples_split': 0.01, 'splitter': 'best'}",0.6577540106951871,0.6394366197183099,0.6451612903225806,0.6474506402453591,0.00765125459654126,19
35,0.06479454040527344,0.0028156732922968676,0.02151775360107422,0.0025019142069957327,,entropy,9,sqrt,0.05,best,"{'class_weight': None, 'criterion': 'entropy', 'max_depth': 9, 'max_features': 'sqrt', 'min_samples_split': 0.05, 'splitter': 'best'}",0.6586666666666666,0.6394366197183099,0.6436170212765957,0.6472401025538573,0.00825807543621128,23
23,0.06230012575785319,0.004171396162671401,0.020102421442667644,0.0008642885453997575,,entropy,6,sqrt,0.05,best,"{'class_weight': None, 'criterion': 'entropy', 'max_depth': 6, 'max_features': 'sqrt', 'min_samples_split': 0.05, 'splitter': 'best'}",0.6577540106951871,0.6394366197183099,0.6436170212765957,0.6469358838966975,0.007837637393512495,24
191,0.0473634401957194,0.0025461144462196024,0.018570820490519207,0.000975038469032907,"{0: 1, 1: 2}",gini,3,sqrt,0.05,best,"{'class_weight': {0: 1, 1: 2}, 'criterion': 'gini', 'max_depth': 3, 'max_features': 'sqrt', 'min_samples_split': 0.05, 'splitter': 'best'}",0.6577540106951871,0.6394366197183099,0.6436170212765957,0.6469358838966975,0.007837637393512495,24
155,0.06253306070963542,0.0066491143784301945,0.02272907892862956,0.0018909004647473249,"{0: 1, 1: 2}",entropy,3,sqrt,0.05,best,"{'class_weight': {0: 1, 1: 2}, 'criterion': 'entropy', 'max_depth': 3, 'max_features': 'sqrt', 'min_samples_split': 0.05, 'splitter': 'best'}",0.6577540106951871,0.6394366197183099,0.6436170212765957,0.6469358838966975,0.007837637393512495,24
11,0.05982764561971029,0.0012464228607691665,0.024817228317260742,0.002905965377079746,,entropy,3,sqrt,0.05,best,"{'class_weight': None, 'criterion': 'entropy', 'max_depth': 3, 'max_features': 'sqrt', 'min_samples_split': 0.05, 'splitter': 'best'}",0.6577540106951871,0.6394366197183099,0.6436170212765957,0.6469358838966975,0.007837637393512495,24
47,0.04929121335347494,0.0013525763203664307,0.02065285046895345,0.002491807948217032,,gini,3,sqrt,0.05,best,"{'class_weight': None, 'criterion': 'gini', 'max_depth': 3, 'max_features': 'sqrt', 'min_samples_split': 0.05, 'splitter': 'best'}",0.6577540106951871,0.6394366197183099,0.6436170212765957,0.6469358838966975,0.007837637393512495,24
49,0.13759859402974448,0.010012764339907394,0.019109408060709637,0.0027119876443668697,,gini,6,,0.005,best,"{'class_weight': None, 'criterion': 'gini', 'max_depth': 6, 'max_features': None, 'min_samples_split': 0.005, 'splitter': 'best'}",0.6412429378531074,0.6451612903225806,0.6536312849162011,0.646678504363963,0.0051700573545781885,29
0,0.11369641621907552,0.006463384926709257,0.023273468017578125,0.0016959981329283669,,entropy,3,,0.005,random,"{'class_weight': None, 'criterion': 'entropy', 'max_depth': 3, 'max_features': None, 'min_samples_split': 0.005, 'splitter': 'random'}",0.6435897435897436,0.6533742331288344,0.6417525773195877,0.6462388513460552,0.005100918209209131,30
2,0.1025067965189616,0.008174097693069649,0.028705914815266926,0.0040076966087860336,,entropy,3,,0.01,random,"{'class_weight': None, 'criterion': 'entropy', 'max_depth': 3, 'max_features': None, 'min_samples_split': 0.01, 'splitter': 'random'}",0.6435897435897436,0.6533742331288344,0.6417525773195877,0.6462388513460552,0.005100918209209131,30
69,0.054189205169677734,0.0020482743228972143,0.02160819371541341,0.0020485190734979754,,gini,9,sqrt,0.01,best,"{'class_weight': None, 'criterion': 'gini', 'max_depth': 9, 'max_features': 'sqrt', 'min_samples_split': 0.01, 'splitter': 'best'}",0.6532258064516129,0.6563467492260062,0.6285714285714286,0.6460479947496826,0.01242330726195533,32
24,0.14990599950154623,0.005736392018962686,0.023270209630330402,0.0028596032138919892,,entropy,9,,0.005,random,"{'class_weight': None, 'criterion': 'entropy', 'max_depth': 9, 'max_features': None, 'min_samples_split': 0.005, 'splitter': 'random'}",0.6598240469208211,0.6377245508982036,0.6405797101449275,0.6460427693213174,0.009814298846987658,33
60,0.12486131985982259,0.021210519748197182,0.020557641983032227,0.0025435236290788864,,gini,9,,0.005,random,"{'class_weight': None, 'criterion': 'gini', 'max_depth': 9, 'max_features': None, 'min_samples_split': 0.005, 'splitter': 'random'}",0.6666666666666666,0.6398809523809523,0.6311475409836066,0.6458983866770752,0.01511200866757671,34
14,0.12777074178059897,0.018064326902699098,0.025182008743286133,0.0012860567778185652,,entropy,6,,0.01,random,"{'class_weight': None, 'criterion': 'entropy', 'max_depth': 6, 'max_features': None, 'min_samples_split': 0.01, 'splitter': 'random'}",0.6509695290858726,0.6404833836858006,0.6452513966480447,0.645568103139906,0.004286804450042245,35
51,0.1277294158935547,0.005928955153551198,0.021931250890096027,0.001639123059275741,,gini,6,,0.01,best,"{'class_weight': None, 'criterion': 'gini', 'max_depth': 6, 'max_features': None, 'min_samples_split': 0.01, 'splitter': 'best'}",0.64,0.6477272727272727,0.6487252124645893,0.6454841617306206,0.003899230124484564,36
186,0.05563497543334961,0.003333649130517074,0.02054293950398763,0.0039587005190686786,"{0: 1, 1: 2}",gini,3,sqrt,0.005,random,"{'class_weight': {0: 1, 1: 2}, 'criterion': 'gini', 'max_depth': 3, 'max_features': 'sqrt', 'min_samples_split': 0.005, 'splitter': 'random'}",0.6509186351706037,0.6426592797783933,0.6428571428571429,0.6454783526020466,0.0038477086920912823,37
8,0.060181379318237305,0.002871644852868133,0.026883284250895183,0.00382182433673211,,entropy,3,sqrt,0.01,random,"{'class_weight': None, 'criterion': 'entropy', 'max_depth': 3, 'max_features': 'sqrt', 'min_samples_split': 0.01, 'splitter': 'random'}",0.6509186351706037,0.6426592797783933,0.6428571428571429,0.6454783526020466,0.0038477086920912823,37
6,0.054244279861450195,0.0008781447268680913,0.02314027150472005,0.003832382109272257,,entropy,3,sqrt,0.005,random,"{'class_weight': None, 'criterion': 'entropy', 'max_depth': 3, 'max_features': 'sqrt', 'min_samples_split': 0.005, 'splitter': 'random'}",0.6509186351706037,0.6426592797783933,0.6428571428571429,0.6454783526020466,0.0038477086920912823,37
152,0.06384062767028809,0.0026760702031272776,0.021942297617594402,0.0008123494059211208,"{0: 1, 1: 2}",entropy,3,sqrt,0.01,random,"{'class_weight': {0: 1, 1: 2}, 'criterion': 'entropy', 'max_depth': 3, 'max_features': 'sqrt', 'min_samples_split': 0.01, 'splitter': 'random'}",0.6509186351706037,0.6426592797783933,0.6428571428571429,0.6454783526020466,0.0038477086920912823,37
42,0.052222887674967446,0.0015506882989179778,0.01973613103230794,0.0016817874907270748,,gini,3,sqrt,0.005,random,"{'class_weight': None, 'criterion': 'gini', 'max_depth': 3, 'max_features': 'sqrt', 'min_samples_split': 0.005, 'splitter': 'random'}",0.6509186351706037,0.6426592797783933,0.6428571428571429,0.6454783526020466,0.0038477086920912823,37
150,0.05570069948832194,0.0028988082999888204,0.021129608154296875,0.002221968866172558,"{0: 1, 1: 2}",entropy,3,sqrt,0.005,random,"{'class_weight': {0: 1, 1: 2}, 'criterion': 'entropy', 'max_depth': 3, 'max_features': 'sqrt', 'min_samples_split': 0.005, 'splitter': 'random'}",0.6509186351706037,0.6426592797783933,0.6428571428571429,0.6454783526020466,0.0038477086920912823,37
44,0.04900089899698893,0.0015023980051778448,0.01889355977376302,0.0013735815759264658,,gini,3,sqrt,0.01,random,"{'class_weight': None, 'criterion': 'gini', 'max_depth': 3, 'max_features': 'sqrt', 'min_samples_split': 0.01, 'splitter': 'random'}",0.6509186351706037,0.6426592797783933,0.6428571428571429,0.6454783526020466,0.0038477086920912823,37
188,0.0539860725402832,0.0025093902146035257,0.01994625727335612,0.0021556023561817004,"{0: 1, 1: 2}",gini,3,sqrt,0.01,random,"{'class_weight': {0: 1, 1: 2}, 'criterion': 'gini', 'max_depth': 3, 'max_features': 'sqrt', 'min_samples_split': 0.01, 'splitter': 'random'}",0.6509186351706037,0.6426592797783933,0.6428571428571429,0.6454783526020466,0.0038477086920912823,37
36,0.0865918795267741,0.004679742128250319,0.020287116368611652,0.0012510679922383497,,gini,3,,0.005,random,"{'class_weight': None, 'criterion': 'gini', 'max_depth': 3, 'max_features': None, 'min_samples_split': 0.005, 'splitter': 'random'}",0.6530054644808743,0.6394366197183099,0.6417525773195877,0.6447315538395907,0.005926444289661338,45
38,0.07673064867655437,0.0037170165681655967,0.019844849904378254,0.00267612151000403,,gini,3,,0.01,random,"{'class_weight': None, 'criterion': 'gini', 'max_depth': 3, 'max_features': None, 'min_samples_split': 0.01, 'splitter': 'random'}",0.6530054644808743,0.6394366197183099,0.6417525773195877,0.6447315538395907,0.005926444289661338,45
66,0.05211973190307617,0.003343846011617517,0.020138025283813477,0.003470801850521332,,gini,9,sqrt,0.005,random,"{'class_weight': None, 'criterion': 'gini', 'max_depth': 9, 'max_features': 'sqrt', 'min_samples_split': 0.005, 'splitter': 'random'}",0.6397694524495677,0.6445783132530121,0.6461538461538462,0.6435005372854753,0.0027155504684388166,47
68,0.05403494834899902,0.0006052777691599787,0.01928265889485677,0.0018820534939566226,,gini,9,sqrt,0.01,random,"{'class_weight': None, 'criterion': 'gini', 'max_depth': 9, 'max_features': 'sqrt', 'min_samples_split': 0.01, 'splitter': 'random'}",0.6384839650145773,0.6418338108882522,0.6489675516224189,0.6430951091750828,0.004371845687067845,48
50,0.10720435778299968,0.014689641203678647,0.019559701283772785,0.0030057397981007733,,gini,6,,0.01,random,"{'class_weight': None, 'criterion': 'gini', 'max_depth': 6, 'max_features': None, 'min_samples_split': 0.01, 'splitter': 'random'}",0.646112600536193,0.6368715083798883,0.6456043956043956,0.6428628348401589,0.0042415848161059455,49
61,0.158858060836792,0.011225426915802757,0.018735726674397785,0.0016573707763749672,,gini,9,,0.005,best,"{'class_weight': None, 'criterion': 'gini', 'max_depth': 9, 'max_features': None, 'min_samples_split': 0.005, 'splitter': 'best'}",0.6468842729970327,0.6574074074074074,0.6210526315789474,0.6417814373277958,0.015274087649454378,50
3,0.11705183982849121,0.007463019226629691,0.027925729751586914,0.001410907930967093,,entropy,3,,0.01,best,"{'class_weight': None, 'criterion': 'entropy', 'max_depth': 3, 'max_features': None, 'min_samples_split': 0.01, 'splitter': 'best'}",0.6435897435897436,0.6363636363636364,0.6380697050938338,0.6393410283490712,0.00308397508909964,51
39,0.0907894770304362,0.002631664062525028,0.020488421122233074,0.0029847498307832647,,gini,3,,0.01,best,"{'class_weight': None, 'criterion': 'gini', 'max_depth': 3, 'max_features': None, 'min_samples_split': 0.01, 'splitter': 'best'}",0.6435897435897436,0.6363636363636364,0.6380697050938338,0.6393410283490712,0.00308397508909964,51
1,0.1289201577504476,0.005769011714022752,0.025407155354817707,0.0004069288717378834,,entropy,3,,0.005,best,"{'class_weight': None, 'criterion': 'entropy', 'max_depth': 3, 'max_features': None, 'min_samples_split': 0.005, 'splitter': 'best'}",0.6435897435897436,0.6354166666666666,0.6380697050938338,0.6390253717834147,0.003404386456109664,53
37,0.09521818161010742,0.002004071214272346,0.021268765131632488,0.00453990981557498,,gini,3,,0.005,best,"{'class_weight': None, 'criterion': 'gini', 'max_depth': 3, 'max_features': None, 'min_samples_split': 0.005, 'splitter': 'best'}",0.6435897435897436,0.6354166666666666,0.6380697050938338,0.6390253717834147,0.003404386456109664,53
59,0.05024401346842448,0.003981058125775441,0.017718076705932617,0.002161349935570391,,gini,6,sqrt,0.05,best,"{'class_weight': None, 'criterion': 'gini', 'max_depth': 6, 'max_features': 'sqrt', 'min_samples_split': 0.05, 'splitter': 'best'}",0.6473551637279596,0.6394366197183099,0.6280788177339901,0.63829020039342,0.007911177184682754,55
18,0.06950815518697102,0.003651537752401188,0.031662543614705406,0.002077567827524994,,entropy,6,sqrt,0.005,random,"{'class_weight': None, 'criterion': 'entropy', 'max_depth': 6, 'max_features': 'sqrt', 'min_samples_split': 0.005, 'splitter': 'random'}",0.6601123595505618,0.6428571428571429,0.6053921568627451,0.63612055309015,0.022841648755661265,56
71,0.05910992622375488,0.0080149454339082,0.02227330207824707,0.0023501082810299763,,gini,9,sqrt,0.05,best,"{'class_weight': None, 'criterion': 'gini', 'max_depth': 9, 'max_features': 'sqrt', 'min_samples_split': 0.05, 'splitter': 'best'}",0.6473551637279596,0.6394366197183099,0.6190476190476191,0.6352798008312962,0.011924446287688299,57
144,0.09094564119974773,0.003302855699107854,0.02261527379353841,0.001251166281406632,"{0: 1, 1: 2}",entropy,3,,0.005,random,"{'class_weight': {0: 1, 1: 2}, 'criterion': 'entropy', 'max_depth': 3, 'max_features': None, 'min_samples_split': 0.005, 'splitter': 'random'}",0.6435897435897436,0.6347607052896725,0.6253041362530414,0.6345515283774859,0.007466533115775525,58
146,0.08804742495218913,0.0026266499176224906,0.022239208221435547,0.001282211941263167,"{0: 1, 1: 2}",entropy,3,,0.01,random,"{'class_weight': {0: 1, 1: 2}, 'criterion': 'entropy', 'max_depth': 3, 'max_features': None, 'min_samples_split': 0.01, 'splitter': 'random'}",0.6435897435897436,0.6347607052896725,0.6253041362530414,0.6345515283774859,0.007466533115775525,58
180,0.0774683952331543,0.003011955438326488,0.017419815063476562,0.0028777680514091982,"{0: 1, 1: 2}",gini,3,,0.005,random,"{'class_weight': {0: 1, 1: 2}, 'criterion': 'gini', 'max_depth': 3, 'max_features': None, 'min_samples_split': 0.005, 'splitter': 'random'}",0.6435897435897436,0.6347607052896725,0.6253041362530414,0.6345515283774859,0.007466533115775525,58
182,0.07541712125142415,0.004850032082197097,0.020964304606119793,0.002943744495102571,"{0: 1, 1: 2}",gini,3,,0.01,random,"{'class_weight': {0: 1, 1: 2}, 'criterion': 'gini', 'max_depth': 3, 'max_features': None, 'min_samples_split': 0.01, 'splitter': 'random'}",0.6435897435897436,0.6347607052896725,0.6253041362530414,0.6345515283774859,0.007466533115775525,58
48,0.10550816853841145,0.003998594149100543,0.021614472071329754,0.0012465392247186793,,gini,6,,0.005,random,"{'class_weight': None, 'criterion': 'gini', 'max_depth': 6, 'max_features': None, 'min_samples_split': 0.005, 'splitter': 'random'}",0.646112600536193,0.6335227272727273,0.6221662468513854,0.633933858220102,0.009780379515178716,62
16,0.11626021067301433,0.0017212394069296025,0.02535859743754069,0.004051029623644683,,entropy,6,,0.05,random,"{'class_weight': None, 'criterion': 'entropy', 'max_depth': 6, 'max_features': None, 'min_samples_split': 0.05, 'splitter': 'random'}",0.6397058823529411,0.6347607052896725,0.6271186440677966,0.63386174390347,0.005177885063238611,63
22,0.060051679611206055,0.00260363138008388,0.020996252695719402,0.0006640588567534874,,entropy,6,sqrt,0.05,random,"{'class_weight': None, 'criterion': 'entropy', 'max_depth': 6, 'max_features': 'sqrt', 'min_samples_split': 0.05, 'splitter': 'random'}",0.6396396396396397,0.6343042071197411,0.6276276276276276,0.6338571581290028,0.004914061303665276,64
190,0.04262725512186686,0.0046696932951255845,0.016455570856730144,0.0021802333662234693,"{0: 1, 1: 2}",gini,3,sqrt,0.05,random,"{'class_weight': {0: 1, 1: 2}, 'criterion': 'gini', 'max_depth': 3, 'max_features': 'sqrt', 'min_samples_split': 0.05, 'splitter': 'random'}",0.6396396396396397,0.6343042071197411,0.6276276276276276,0.6338571581290028,0.004914061303665276,64
166,0.055547475814819336,0.003014319643079449,0.021257797876993816,0.0016752661404112687,"{0: 1, 1: 2}",entropy,6,sqrt,0.05,random,"{'class_weight': {0: 1, 1: 2}, 'criterion': 'entropy', 'max_depth': 6, 'max_features': 'sqrt', 'min_samples_split': 0.05, 'splitter': 'random'}",0.6396396396396397,0.6343042071197411,0.6276276276276276,0.6338571581290028,0.004914061303665276,64
154,0.06526454289754231,0.005118093183157612,0.02570645014444987,0.0011018958110554635,"{0: 1, 1: 2}",entropy,3,sqrt,0.05,random,"{'class_weight': {0: 1, 1: 2}, 'criterion': 'entropy', 'max_depth': 3, 'max_features': 'sqrt', 'min_samples_split': 0.05, 'splitter': 'random'}",0.6396396396396397,0.6343042071197411,0.6276276276276276,0.6338571581290028,0.004914061303665276,64
10,0.057489871978759766,0.0034293542974692024,0.02633388837178548,0.0044786222706025966,,entropy,3,sqrt,0.05,random,"{'class_weight': None, 'criterion': 'entropy', 'max_depth': 3, 'max_features': 'sqrt', 'min_samples_split': 0.05, 'splitter': 'random'}",0.6396396396396397,0.6343042071197411,0.6276276276276276,0.6338571581290028,0.004914061303665276,64
202,0.05644973119099935,0.0037543693246190955,0.02108931541442871,0.0038794685832188583,"{0: 1, 1: 2}",gini,6,sqrt,0.05,random,"{'class_weight': {0: 1, 1: 2}, 'criterion': 'gini', 'max_depth': 6, 'max_features': 'sqrt', 'min_samples_split': 0.05, 'splitter': 'random'}",0.6396396396396397,0.6343042071197411,0.6276276276276276,0.6338571581290028,0.004914061303665276,64
46,0.05189077059427897,0.0022906397845004673,0.019948482513427734,0.0008164385158484595,,gini,3,sqrt,0.05,random,"{'class_weight': None, 'criterion': 'gini', 'max_depth': 3, 'max_features': 'sqrt', 'min_samples_split': 0.05, 'splitter': 'random'}",0.6396396396396397,0.6343042071197411,0.6276276276276276,0.6338571581290028,0.004914061303665276,64
28,0.13748955726623535,0.01423339234321983,0.02419439951578776,0.0009542703620266787,,entropy,9,,0.05,random,"{'class_weight': None, 'criterion': 'entropy', 'max_depth': 9, 'max_features': None, 'min_samples_split': 0.05, 'splitter': 'random'}",0.6390243902439025,0.6347607052896725,0.6271186440677966,0.6336345798671239,0.004925296393988053,71
148,0.09121092160542806,0.006347733445824006,0.023406346638997395,0.0014395282521006381,"{0: 1, 1: 2}",entropy,3,,0.05,random,"{'class_weight': {0: 1, 1: 2}, 'criterion': 'entropy', 'max_depth': 3, 'max_features': None, 'min_samples_split': 0.05, 'splitter': 'random'}",0.6397058823529411,0.6347607052896725,0.6253041362530414,0.6332569079652183,0.0059748711269935134,72
4,0.1023863951365153,0.010404918446277804,0.024113178253173828,0.0016468371548170164,,entropy,3,,0.05,random,"{'class_weight': None, 'criterion': 'entropy', 'max_depth': 3, 'max_features': None, 'min_samples_split': 0.05, 'splitter': 'random'}",0.6397058823529411,0.6347607052896725,0.6253041362530414,0.6332569079652183,0.0059748711269935134,72
184,0.07167092959086101,0.005754931082711169,0.015923023223876953,0.0007330155336392087,"{0: 1, 1: 2}",gini,3,,0.05,random,"{'class_weight': {0: 1, 1: 2}, 'criterion': 'gini', 'max_depth': 3, 'max_features': None, 'min_samples_split': 0.05, 'splitter': 'random'}",0.6397058823529411,0.6347607052896725,0.6253041362530414,0.6332569079652183,0.0059748711269935134,72
5,0.1104425589243571,0.006808345762746283,0.02559796969095866,0.003536517309250867,,entropy,3,,0.05,best,"{'class_weight': None, 'criterion': 'entropy', 'max_depth': 3, 'max_features': None, 'min_samples_split': 0.05, 'splitter': 'best'}",0.6397058823529411,0.6347607052896725,0.6253041362530414,0.6332569079652183,0.0059748711269935134,72
29,0.1751244862874349,0.005780620589176016,0.02261773745218913,0.0017015945664013523,,entropy,9,,0.05,best,"{'class_weight': None, 'criterion': 'entropy', 'max_depth': 9, 'max_features': None, 'min_samples_split': 0.05, 'splitter': 'best'}",0.6397058823529411,0.6347607052896725,0.6253041362530414,0.6332569079652183,0.0059748711269935134,72
65,0.1553370157877604,0.005945952845549876,0.020938316980997723,7.704359880064113e-06,,gini,9,,0.05,best,"{'class_weight': None, 'criterion': 'gini', 'max_depth': 9, 'max_features': None, 'min_samples_split': 0.05, 'splitter': 'best'}",0.6397058823529411,0.6347607052896725,0.6253041362530414,0.6332569079652183,0.0059748711269935134,72
53,0.12134861946105957,0.012980803094338083,0.020278215408325195,0.0028599725424208584,,gini,6,,0.05,best,"{'class_weight': None, 'criterion': 'gini', 'max_depth': 6, 'max_features': None, 'min_samples_split': 0.05, 'splitter': 'best'}",0.6397058823529411,0.6347607052896725,0.6253041362530414,0.6332569079652183,0.0059748711269935134,72
41,0.09527293841044109,0.006356255369403819,0.022077480951944988,0.0016028165627918615,,gini,3,,0.05,best,"{'class_weight': None, 'criterion': 'gini', 'max_depth': 3, 'max_features': None, 'min_samples_split': 0.05, 'splitter': 'best'}",0.6397058823529411,0.6347607052896725,0.6253041362530414,0.6332569079652183,0.0059748711269935134,72
17,0.1581247647603353,0.009043759676038814,0.021807273228963215,0.0020492157486870512,,entropy,6,,0.05,best,"{'class_weight': None, 'criterion': 'entropy', 'max_depth': 6, 'max_features': None, 'min_samples_split': 0.05, 'splitter': 'best'}",0.6397058823529411,0.6347607052896725,0.6253041362530414,0.6332569079652183,0.0059748711269935134,72
40,0.07502857844034831,0.007661629306230378,0.019946813583374023,0.001413600664653713,,gini,3,,0.05,random,"{'class_weight': None, 'criterion': 'gini', 'max_depth': 3, 'max_features': None, 'min_samples_split': 0.05, 'splitter': 'random'}",0.6397058823529411,0.6347607052896725,0.6253041362530414,0.6332569079652183,0.0059748711269935134,72
58,0.051531712214152016,0.005779437435738871,0.01861286163330078,0.0044878926199092214,,gini,6,sqrt,0.05,random,"{'class_weight': None, 'criterion': 'gini', 'max_depth': 6, 'max_features': 'sqrt', 'min_samples_split': 0.05, 'splitter': 'random'}",0.6396396396396397,0.632258064516129,0.6276276276276276,0.6331751105944654,0.004946570413025221,82
13,0.16263230641682944,0.012000551431241093,0.021455844243367512,0.0028677941128028533,,entropy,6,,0.005,best,"{'class_weight': None, 'criterion': 'entropy', 'max_depth': 6, 'max_features': None, 'min_samples_split': 0.005, 'splitter': 'best'}",0.6426512968299711,0.6467236467236467,0.6082725060827251,0.632549149878781,0.017246498850772844,83
52,0.08547067642211914,0.00684772028667595,0.01881718635559082,0.002718623366252845,,gini,6,,0.05,random,"{'class_weight': None, 'criterion': 'gini', 'max_depth': 6, 'max_features': None, 'min_samples_split': 0.05, 'splitter': 'random'}",0.6374695863746959,0.6347607052896725,0.6253041362530414,0.6325114759724699,0.005214966829976876,84
64,0.11477494239807129,0.01245254887037362,0.016962448755900066,0.0008162506573991431,,gini,9,,0.05,random,"{'class_weight': None, 'criterion': 'gini', 'max_depth': 9, 'max_features': None, 'min_samples_split': 0.05, 'splitter': 'random'}",0.6374695863746959,0.6347607052896725,0.6253041362530414,0.6325114759724699,0.005214966829976876,84
27,0.19251330693562826,0.006535235491187936,0.0257724126180013,0.002891883576633737,,entropy,9,,0.01,best,"{'class_weight': None, 'criterion': 'entropy', 'max_depth': 9, 'max_features': None, 'min_samples_split': 0.01, 'splitter': 'best'}",0.6345609065155807,0.6626865671641791,0.5995085995085995,0.6322520243961197,0.025843917424332043,86
15,0.14717864990234375,0.005948120049873611,0.02267297108968099,0.00288117281753707,,entropy,6,,0.01,best,"{'class_weight': None, 'criterion': 'entropy', 'max_depth': 6, 'max_features': None, 'min_samples_split': 0.01, 'splitter': 'best'}",0.64,0.6477272727272727,0.606280193236715,0.6313358219879959,0.017995667720165757,87
178,0.056571245193481445,0.0023523726467463337,0.019029855728149414,0.0032808010101833098,"{0: 1, 1: 2}",entropy,9,sqrt,0.05,random,"{'class_weight': {0: 1, 1: 2}, 'criterion': 'entropy', 'max_depth': 9, 'max_features': 'sqrt', 'min_samples_split': 0.05, 'splitter': 'random'}",0.6312849162011173,0.6343042071197411,0.6276276276276276,0.631072250316162,0.0027298471889583378,88
214,0.06109976768493652,0.006307403387627249,0.02054119110107422,0.0017437293669626335,"{0: 1, 1: 2}",gini,9,sqrt,0.05,random,"{'class_weight': {0: 1, 1: 2}, 'criterion': 'gini', 'max_depth': 9, 'max_features': 'sqrt', 'min_samples_split': 0.05, 'splitter': 'random'}",0.6312849162011173,0.6343042071197411,0.6276276276276276,0.631072250316162,0.0027298471889583378,88
34,0.0615080992380778,0.0049657472189173855,0.020610570907592773,0.004483774017997082,,entropy,9,sqrt,0.05,random,"{'class_weight': None, 'criterion': 'entropy', 'max_depth': 9, 'max_features': 'sqrt', 'min_samples_split': 0.05, 'splitter': 'random'}",0.6312849162011173,0.6343042071197411,0.6276276276276276,0.631072250316162,0.0027298471889583378,88
54,0.0531915028889974,0.007388983325437976,0.02314933141072591,0.0022710893721125435,,gini,6,sqrt,0.005,random,"{'class_weight': None, 'criterion': 'gini', 'max_depth': 6, 'max_features': 'sqrt', 'min_samples_split': 0.005, 'splitter': 'random'}",0.6454545454545455,0.6410256410256411,0.6064356435643564,0.630971943348181,0.01744374393913904,91
70,0.05838362375895182,0.011091531607662129,0.017824649810791016,0.0024495144541997766,,gini,9,sqrt,0.05,random,"{'class_weight': None, 'criterion': 'gini', 'max_depth': 9, 'max_features': 'sqrt', 'min_samples_split': 0.05, 'splitter': 'random'}",0.6312849162011173,0.632258064516129,0.6276276276276276,0.6303902027816246,0.0019934259491076844,92
172,0.11794877052307129,0.007479954930203744,0.018733660380045574,0.0011127517315716,"{0: 1, 1: 2}",entropy,9,,0.05,random,"{'class_weight': {0: 1, 1: 2}, 'criterion': 'entropy', 'max_depth': 9, 'max_features': None, 'min_samples_split': 0.05, 'splitter': 'random'}",0.6390243902439025,0.6320987654320988,0.6190476190476191,0.6300569249078735,0.008282297644250695,93
212,0.06627885500590007,0.0069795134557572094,0.020171085993448894,0.0015927519862404377,"{0: 1, 1: 2}",gini,9,sqrt,0.01,random,"{'class_weight': {0: 1, 1: 2}, 'criterion': 'gini', 'max_depth': 9, 'max_features': 'sqrt', 'min_samples_split': 0.01, 'splitter': 'random'}",0.6098654708520179,0.6470588235294118,0.6322751322751323,0.629733142218854,0.015290141833458443,94
176,0.06050610542297363,0.0026325211806298866,0.018708308537801106,0.002878502592202462,"{0: 1, 1: 2}",entropy,9,sqrt,0.01,random,"{'class_weight': {0: 1, 1: 2}, 'criterion': 'entropy', 'max_depth': 9, 'max_features': 'sqrt', 'min_samples_split': 0.01, 'splitter': 'random'}",0.6098654708520179,0.6299212598425197,0.6337662337662338,0.6245176548202571,0.010478893942837497,95
174,0.057247002919514976,0.0077389596791720815,0.02194102605183919,0.0021558229482415447,"{0: 1, 1: 2}",entropy,9,sqrt,0.005,random,"{'class_weight': {0: 1, 1: 2}, 'criterion': 'entropy', 'max_depth': 9, 'max_features': 'sqrt', 'min_samples_split': 0.005, 'splitter': 'random'}",0.6295399515738499,0.6412429378531074,0.5725806451612904,0.6144545115294159,0.02999228217864108,96
56,0.05110971132914225,0.003540840692389696,0.020946582158406574,0.0028195680771025506,,gini,6,sqrt,0.01,random,"{'class_weight': None, 'criterion': 'gini', 'max_depth': 6, 'max_features': 'sqrt', 'min_samples_split': 0.01, 'splitter': 'random'}",0.648936170212766,0.5933503836317136,0.5922330097087378,0.6115065211844058,0.02647068946225371,97
208,0.11711343129475911,0.003023303079650766,0.02063783009847005,0.0012135171906486897,"{0: 1, 1: 2}",gini,9,,0.05,random,"{'class_weight': {0: 1, 1: 2}, 'criterion': 'gini', 'max_depth': 9, 'max_features': None, 'min_samples_split': 0.05, 'splitter': 'random'}",0.6201716738197425,0.6235011990407674,0.5853658536585366,0.6096795755063488,0.01724604760747512,98
198,0.0482321580251058,0.0017110241437415994,0.01795204480489095,0.002443764789829234,"{0: 1, 1: 2}",gini,6,sqrt,0.005,random,"{'class_weight': {0: 1, 1: 2}, 'criterion': 'gini', 'max_depth': 6, 'max_features': 'sqrt', 'min_samples_split': 0.005, 'splitter': 'random'}",0.6342710997442456,0.6296296296296297,0.5643776824034334,0.6094261372591029,0.03191037735981493,99
162,0.05928579966227213,0.008692800412867307,0.01692334810892741,0.001852630668461523,"{0: 1, 1: 2}",entropy,6,sqrt,0.005,random,"{'class_weight': {0: 1, 1: 2}, 'criterion': 'entropy', 'max_depth': 6, 'max_features': 'sqrt', 'min_samples_split': 0.005, 'splitter': 'random'}",0.6342710997442456,0.6296296296296297,0.5643776824034334,0.6094261372591029,0.03191037735981493,99
215,0.05544265111287435,0.009417808869393656,0.015937407811482746,0.0008513081465332447,"{0: 1, 1: 2}",gini,9,sqrt,0.05,best,"{'class_weight': {0: 1, 1: 2}, 'criterion': 'gini', 'max_depth': 9, 'max_features': 'sqrt', 'min_samples_split': 0.05, 'splitter': 'best'}",0.6457286432160804,0.6370967741935484,0.5449330783938815,0.6092528319345034,0.04561725048232153,101
20,0.06441791852315266,0.006567595303213966,0.02127687136332194,0.00047058377363154354,,entropy,6,sqrt,0.01,random,"{'class_weight': None, 'criterion': 'entropy', 'max_depth': 6, 'max_features': 'sqrt', 'min_samples_split': 0.01, 'splitter': 'random'}",0.6396396396396397,0.5948717948717949,0.5922330097087378,0.6089148147400575,0.021752424318784675,102
160,0.10733882586161296,0.0020735739982990675,0.0195310115814209,0.002535556655740877,"{0: 1, 1: 2}",entropy,6,,0.05,random,"{'class_weight': {0: 1, 1: 2}, 'criterion': 'entropy', 'max_depth': 6, 'max_features': None, 'min_samples_split': 0.05, 'splitter': 'random'}",0.5641891891891891,0.635,0.6271186440677966,0.6087692777523287,0.031686665597750914,103
210,0.0581357479095459,0.005036587782863252,0.01962431271870931,0.002858291105418628,"{0: 1, 1: 2}",gini,9,sqrt,0.005,random,"{'class_weight': {0: 1, 1: 2}, 'criterion': 'gini', 'max_depth': 9, 'max_features': 'sqrt', 'min_samples_split': 0.005, 'splitter': 'random'}",0.614190687361419,0.6389684813753582,0.5725806451612904,0.6085799379660225,0.027391562945305273,104
196,0.09551604588826497,0.0018436874893085968,0.017719268798828125,0.001282134623381208,"{0: 1, 1: 2}",gini,6,,0.05,random,"{'class_weight': {0: 1, 1: 2}, 'criterion': 'gini', 'max_depth': 6, 'max_features': None, 'min_samples_split': 0.05, 'splitter': 'random'}",0.5641891891891891,0.6320987654320988,0.6253041362530414,0.6071973636247764,0.030537616667880855,105
203,0.0589604377746582,0.0026578412440961046,0.023430903752644856,0.005315528817545016,"{0: 1, 1: 2}",gini,6,sqrt,0.05,best,"{'class_weight': {0: 1, 1: 2}, 'criterion': 'gini', 'max_depth': 6, 'max_features': 'sqrt', 'min_samples_split': 0.05, 'splitter': 'best'}",0.6457286432160804,0.6404494382022472,0.5350553505535055,0.6070778106572777,0.05097315352839579,106
200,0.05323521296183268,0.004359989902843307,0.018590132395426433,0.0009308610698798205,"{0: 1, 1: 2}",gini,6,sqrt,0.01,random,"{'class_weight': {0: 1, 1: 2}, 'criterion': 'gini', 'max_depth': 6, 'max_features': 'sqrt', 'min_samples_split': 0.01, 'splitter': 'random'}",0.6045454545454545,0.5950617283950618,0.5922330097087378,0.5972800642164181,0.00526560125256569,107
164,0.056187709172566734,0.004419027575531635,0.020332495371500652,0.0019927137739738977,"{0: 1, 1: 2}",entropy,6,sqrt,0.01,random,"{'class_weight': {0: 1, 1: 2}, 'criterion': 'entropy', 'max_depth': 6, 'max_features': 'sqrt', 'min_samples_split': 0.01, 'splitter': 'random'}",0.6045454545454545,0.5950617283950618,0.5922330097087378,0.5972800642164181,0.00526560125256569,107
158,0.12593603134155273,0.011789060753732086,0.019289255142211914,0.0024848922307819914,"{0: 1, 1: 2}",entropy,6,,0.01,random,"{'class_weight': {0: 1, 1: 2}, 'criterion': 'entropy', 'max_depth': 6, 'max_features': None, 'min_samples_split': 0.01, 'splitter': 'random'}",0.5806451612903226,0.6253101736972705,0.564870259481038,0.5902751981562103,0.025596861984042162,109
163,0.052157084147135414,0.0021140737529840616,0.01837770144144694,0.0012256760886172433,"{0: 1, 1: 2}",entropy,6,sqrt,0.005,best,"{'class_weight': {0: 1, 1: 2}, 'criterion': 'entropy', 'max_depth': 6, 'max_features': 'sqrt', 'min_samples_split': 0.005, 'splitter': 'best'}",0.6578947368421053,0.5598526703499079,0.5482625482625483,0.5886699851515205,0.04917745023529462,110
167,0.05890885988871256,0.006993606851857878,0.018158594767252605,0.0012713767894763659,"{0: 1, 1: 2}",entropy,6,sqrt,0.05,best,"{'class_weight': {0: 1, 1: 2}, 'criterion': 'entropy', 'max_depth': 6, 'max_features': 'sqrt', 'min_samples_split': 0.05, 'splitter': 'best'}",0.6577540106951871,0.5557586837294333,0.5482625482625483,0.5872584142290562,0.04994176510411,111
175,0.06759150822957356,0.004636426674038431,0.020794391632080078,0.0015719216392617462,"{0: 1, 1: 2}",entropy,9,sqrt,0.005,best,"{'class_weight': {0: 1, 1: 2}, 'criterion': 'entropy', 'max_depth': 9, 'max_features': 'sqrt', 'min_samples_split': 0.005, 'splitter': 'best'}",0.6258992805755396,0.5987394957983193,0.5303571428571429,0.5849986397436672,0.040196876858667116,112
165,0.057374159495035805,0.004289544692133473,0.020259936650594074,0.0009667367101390761,"{0: 1, 1: 2}",entropy,6,sqrt,0.01,best,"{'class_weight': {0: 1, 1: 2}, 'criterion': 'entropy', 'max_depth': 6, 'max_features': 'sqrt', 'min_samples_split': 0.01, 'splitter': 'best'}",0.6482939632545932,0.5547309833024119,0.5482625482625483,0.5837624982731845,0.04570698445862384,113
179,0.05815768241882324,0.003254199917616591,0.022354761759440105,0.003914895486650286,"{0: 1, 1: 2}",entropy,9,sqrt,0.05,best,"{'class_weight': {0: 1, 1: 2}, 'criterion': 'entropy', 'max_depth': 9, 'max_features': 'sqrt', 'min_samples_split': 0.05, 'splitter': 'best'}",0.6482939632545932,0.5557586837294333,0.5449330783938815,0.582995241792636,0.04638419774840699,114
201,0.056935389836629234,0.0040857195923267465,0.018941799799601238,0.0012701681920717553,"{0: 1, 1: 2}",gini,6,sqrt,0.01,best,"{'class_weight': {0: 1, 1: 2}, 'criterion': 'gini', 'max_depth': 6, 'max_features': 'sqrt', 'min_samples_split': 0.01, 'splitter': 'best'}",0.6155660377358491,0.5885286783042394,0.5351851851851852,0.5797599670750913,0.0333959886479203,115
156,0.14098779360453287,0.009205213157271611,0.025040864944458008,0.0008272927040941749,"{0: 1, 1: 2}",entropy,6,,0.005,random,"{'class_weight': {0: 1, 1: 2}, 'criterion': 'entropy', 'max_depth': 6, 'max_features': None, 'min_samples_split': 0.005, 'splitter': 'random'}",0.5582191780821918,0.5685185185185185,0.6,0.5755792322002368,0.01777262929907113,116
199,0.06200734774271647,0.0037933645218516557,0.017964601516723633,3.8933590933214475e-07,"{0: 1, 1: 2}",gini,6,sqrt,0.005,best,"{'class_weight': {0: 1, 1: 2}, 'criterion': 'gini', 'max_depth': 6, 'max_features': 'sqrt', 'min_samples_split': 0.005, 'splitter': 'best'}",0.5976744186046512,0.5889724310776943,0.5351851851851852,0.5739440116225102,0.027635920065847176,117
211,0.06228264172871908,0.003172631802746436,0.021276394526163738,0.002486844776182775,"{0: 1, 1: 2}",gini,9,sqrt,0.005,best,"{'class_weight': {0: 1, 1: 2}, 'criterion': 'gini', 'max_depth': 9, 'max_features': 'sqrt', 'min_samples_split': 0.005, 'splitter': 'best'}",0.6220095693779905,0.5751633986928104,0.5172413793103449,0.5714714491270486,0.042851030957723565,118
213,0.06416940689086914,0.002250746051242214,0.02089699109395345,0.0023166439013647946,"{0: 1, 1: 2}",gini,9,sqrt,0.01,best,"{'class_weight': {0: 1, 1: 2}, 'criterion': 'gini', 'max_depth': 9, 'max_features': 'sqrt', 'min_samples_split': 0.01, 'splitter': 'best'}",0.6166281755196305,0.5521739130434783,0.5425330812854442,0.5704450566161844,0.032892722224265786,119
177,0.06178593635559082,0.00542963782153582,0.018886566162109375,0.0013067608569909332,"{0: 1, 1: 2}",entropy,9,sqrt,0.01,best,"{'class_weight': {0: 1, 1: 2}, 'criterion': 'entropy', 'max_depth': 9, 'max_features': 'sqrt', 'min_samples_split': 0.01, 'splitter': 'best'}",0.6114942528735632,0.5400696864111498,0.5401869158878505,0.5639169517241879,0.033642266314675415,120
170,0.12508591016133627,0.009876627461301786,0.02121448516845703,0.002121569821579486,"{0: 1, 1: 2}",entropy,9,,0.01,random,"{'class_weight': {0: 1, 1: 2}, 'criterion': 'entropy', 'max_depth': 9, 'max_features': None, 'min_samples_split': 0.01, 'splitter': 'random'}",0.5967078189300411,0.574108818011257,0.5166959578207382,0.5625041982540121,0.033679616776583376,121
168,0.11940805117289226,0.009934926380735985,0.01972675323486328,0.0005495952148655179,"{0: 1, 1: 2}",entropy,9,,0.005,random,"{'class_weight': {0: 1, 1: 2}, 'criterion': 'entropy', 'max_depth': 9, 'max_features': None, 'min_samples_split': 0.005, 'splitter': 'random'}",0.5589285714285714,0.5619389587073609,0.5557692307692308,0.558878920301721,0.0025190255567624914,122
73,0.09493192036946614,0.010100599158288892,0.019800504048665363,0.003029066004664222,balanced,entropy,3,,0.005,best,"{'class_weight': 'balanced', 'criterion': 'entropy', 'max_depth': 3, 'max_features': None, 'min_samples_split': 0.005, 'splitter': 'best'}",0.5573770491803278,0.590316573556797,0.5255102040816326,0.5577346089395858,0.026458297600487703,123
75,0.09651851654052734,0.003974217324076118,0.020058393478393555,0.0013385959829627996,balanced,entropy,3,,0.01,best,"{'class_weight': 'balanced', 'criterion': 'entropy', 'max_depth': 3, 'max_features': None, 'min_samples_split': 0.01, 'splitter': 'best'}",0.5573770491803278,0.5892193308550185,0.5255102040816326,0.5573688613723263,0.026009142736571043,124
109,0.09787782033284505,0.009662698944443354,0.019728740056355793,0.003503439674087408,balanced,gini,3,,0.005,best,"{'class_weight': 'balanced', 'criterion': 'gini', 'max_depth': 3, 'max_features': None, 'min_samples_split': 0.005, 'splitter': 'best'}",0.5573770491803278,0.5892193308550185,0.5255102040816326,0.5573688613723263,0.026009142736571043,124
111,0.09920239448547363,0.001656151773869919,0.021973848342895508,0.003261569688425147,balanced,gini,3,,0.01,best,"{'class_weight': 'balanced', 'criterion': 'gini', 'max_depth': 3, 'max_features': None, 'min_samples_split': 0.01, 'splitter': 'best'}",0.5573770491803278,0.5892193308550185,0.5255102040816326,0.5573688613723263,0.026009142736571043,124
183,0.08868670463562012,0.00048821888621002394,0.018408695856730144,0.0024438182731014706,"{0: 1, 1: 2}",gini,3,,0.01,best,"{'class_weight': {0: 1, 1: 2}, 'criterion': 'gini', 'max_depth': 3, 'max_features': None, 'min_samples_split': 0.01, 'splitter': 'best'}",0.55668358714044,0.5889328063241107,0.5246179966044142,0.5567447966896549,0.026256446792827574,127
181,0.08271074295043945,0.004625029886597829,0.018305857976277668,0.0020124774691188813,"{0: 1, 1: 2}",gini,3,,0.005,best,"{'class_weight': {0: 1, 1: 2}, 'criterion': 'gini', 'max_depth': 3, 'max_features': None, 'min_samples_split': 0.005, 'splitter': 'best'}",0.55668358714044,0.5881188118811881,0.5246179966044142,0.5564734652086808,0.025924525050273588,128
147,0.1056811014811198,0.002859597124567277,0.019449313481648762,0.0012121810244545448,"{0: 1, 1: 2}",entropy,3,,0.01,best,"{'class_weight': {0: 1, 1: 2}, 'criterion': 'entropy', 'max_depth': 3, 'max_features': None, 'min_samples_split': 0.01, 'splitter': 'best'}",0.5553691275167785,0.5889328063241107,0.5246179966044142,0.5563066434817677,0.02626477856317149,129
145,0.10179535547892253,0.008199159055300467,0.022705952326456707,0.0005958986840937623,"{0: 1, 1: 2}",entropy,3,,0.005,best,"{'class_weight': {0: 1, 1: 2}, 'criterion': 'entropy', 'max_depth': 3, 'max_features': None, 'min_samples_split': 0.005, 'splitter': 'best'}",0.5553691275167785,0.5881188118811881,0.5246179966044142,0.5560353120007936,0.025928378745161275,130
197,0.12724892298380533,0.005650280416647368,0.02158816655476888,0.0020776439432081393,"{0: 1, 1: 2}",gini,6,,0.05,best,"{'class_weight': {0: 1, 1: 2}, 'criterion': 'gini', 'max_depth': 6, 'max_features': None, 'min_samples_split': 0.05, 'splitter': 'best'}",0.5544715447154471,0.5860113421550095,0.5243697478991597,0.5549508782565388,0.025167357907726635,131
161,0.12821229298909506,0.004261826217756245,0.01912999153137207,0.003177553706228477,"{0: 1, 1: 2}",entropy,6,,0.05,best,"{'class_weight': {0: 1, 1: 2}, 'criterion': 'entropy', 'max_depth': 6, 'max_features': None, 'min_samples_split': 0.05, 'splitter': 'best'}",0.5544715447154471,0.5860113421550095,0.5243697478991597,0.5549508782565388,0.025167357907726635,131
185,0.0827028751373291,0.003476867062897426,0.020028193791707356,0.0030996995985560992,"{0: 1, 1: 2}",gini,3,,0.05,best,"{'class_weight': {0: 1, 1: 2}, 'criterion': 'gini', 'max_depth': 3, 'max_features': None, 'min_samples_split': 0.05, 'splitter': 'best'}",0.5544715447154471,0.5860113421550095,0.5243697478991597,0.5549508782565388,0.025167357907726635,131
149,0.09331631660461426,0.004328465619254865,0.020907878875732422,0.0011629025649485196,"{0: 1, 1: 2}",entropy,3,,0.05,best,"{'class_weight': {0: 1, 1: 2}, 'criterion': 'entropy', 'max_depth': 3, 'max_features': None, 'min_samples_split': 0.05, 'splitter': 'best'}",0.5544715447154471,0.5860113421550095,0.5243697478991597,0.5549508782565388,0.025167357907726635,131
77,0.08898417154947917,0.003680404121654148,0.01961239178975423,0.003083406818784221,balanced,entropy,3,,0.05,best,"{'class_weight': 'balanced', 'criterion': 'entropy', 'max_depth': 3, 'max_features': None, 'min_samples_split': 0.05, 'splitter': 'best'}",0.5544715447154471,0.584870848708487,0.5243697478991597,0.5545707137743646,0.024699570518017553,135
113,0.08326292037963867,0.001693812451214999,0.01902906099955241,0.0029130797418033616,balanced,gini,3,,0.05,best,"{'class_weight': 'balanced', 'criterion': 'gini', 'max_depth': 3, 'max_features': None, 'min_samples_split': 0.05, 'splitter': 'best'}",0.5544715447154471,0.584870848708487,0.5243697478991597,0.5545707137743646,0.024699570518017553,135
192,0.10387261708577473,0.01532871873608038,0.021263917287190754,0.0024253697685034867,"{0: 1, 1: 2}",gini,6,,0.005,random,"{'class_weight': {0: 1, 1: 2}, 'criterion': 'gini', 'max_depth': 6, 'max_features': None, 'min_samples_split': 0.005, 'splitter': 'random'}",0.5559380378657487,0.5539823008849557,0.5494505494505495,0.5531236294004179,0.002717212299778902,137
157,0.15846077601114908,0.0068741660297981216,0.021410385767618816,0.004652418908792175,"{0: 1, 1: 2}",entropy,6,,0.005,best,"{'class_weight': {0: 1, 1: 2}, 'criterion': 'entropy', 'max_depth': 6, 'max_features': None, 'min_samples_split': 0.005, 'splitter': 'best'}",0.5585738539898133,0.5739299610894941,0.5249569707401033,0.5524869286064703,0.020451184829689318,138
173,0.17534716924031576,0.00580319914585055,0.020286957422892254,0.0032942576154989054,"{0: 1, 1: 2}",entropy,9,,0.05,best,"{'class_weight': {0: 1, 1: 2}, 'criterion': 'entropy', 'max_depth': 9, 'max_features': None, 'min_samples_split': 0.05, 'splitter': 'best'}",0.5544715447154471,0.5834896810506567,0.5189456342668863,0.5523022866776633,0.026394604930203076,139
193,0.1253044605255127,0.004200414261014695,0.020947933197021484,0.0014169773177190774,"{0: 1, 1: 2}",gini,6,,0.005,best,"{'class_weight': {0: 1, 1: 2}, 'criterion': 'gini', 'max_depth': 6, 'max_features': None, 'min_samples_split': 0.005, 'splitter': 'best'}",0.5564924114671164,0.5739299610894941,0.5261324041811847,0.5521849255792651,0.019749555903974123,140
209,0.16037710507710776,0.009266256396490863,0.019337177276611328,0.0013345534857806996,"{0: 1, 1: 2}",gini,9,,0.05,best,"{'class_weight': {0: 1, 1: 2}, 'criterion': 'gini', 'max_depth': 9, 'max_features': None, 'min_samples_split': 0.05, 'splitter': 'best'}",0.5526742301458671,0.5834896810506567,0.5180921052631579,0.5514186721532273,0.026713205836877446,141
159,0.13259482383728027,0.010677368483343271,0.016989469528198242,0.0014363907689525666,"{0: 1, 1: 2}",entropy,6,,0.01,best,"{'class_weight': {0: 1, 1: 2}, 'criterion': 'entropy', 'max_depth': 6, 'max_features': None, 'min_samples_split': 0.01, 'splitter': 'best'}",0.5574324324324325,0.5722543352601156,0.523972602739726,0.5512197901440914,0.02019453914543524,142
195,0.13638822237650552,0.00889423352255876,0.019123554229736328,0.003580449951269726,"{0: 1, 1: 2}",gini,6,,0.01,best,"{'class_weight': {0: 1, 1: 2}, 'criterion': 'gini', 'max_depth': 6, 'max_features': None, 'min_samples_split': 0.01, 'splitter': 'best'}",0.5564924114671164,0.5722543352601156,0.5242214532871973,0.5509894000048098,0.019991694759270814,143
206,0.12897523244222006,0.0030857843032057884,0.018440405527750652,0.002062217385797548,"{0: 1, 1: 2}",gini,9,,0.01,random,"{'class_weight': {0: 1, 1: 2}, 'criterion': 'gini', 'max_depth': 9, 'max_features': None, 'min_samples_split': 0.01, 'splitter': 'random'}",0.5311475409836065,0.5828220858895705,0.5245614035087719,0.5461770101273163,0.026051109828250676,144
194,0.1039276123046875,0.006682914025393381,0.01994951566060384,0.0021506801569785967,"{0: 1, 1: 2}",gini,6,,0.01,random,"{'class_weight': {0: 1, 1: 2}, 'criterion': 'gini', 'max_depth': 6, 'max_features': None, 'min_samples_split': 0.01, 'splitter': 'random'}",0.5212765957446809,0.5537918871252204,0.562,0.5456894942899672,0.01758475648164455,145
171,0.17174704869588217,0.008655043189122618,0.01737324396769206,0.002572510684503535,"{0: 1, 1: 2}",entropy,9,,0.01,best,"{'class_weight': {0: 1, 1: 2}, 'criterion': 'entropy', 'max_depth': 9, 'max_features': None, 'min_samples_split': 0.01, 'splitter': 'best'}",0.5553691275167785,0.5692307692307692,0.5108877721943048,0.5451625563139508,0.02488784037219804,146
204,0.1553038756052653,0.006623477123270319,0.017946879069010418,0.0013790795941642374,"{0: 1, 1: 2}",gini,9,,0.005,random,"{'class_weight': {0: 1, 1: 2}, 'criterion': 'gini', 'max_depth': 9, 'max_features': None, 'min_samples_split': 0.005, 'splitter': 'random'}",0.5733855185909981,0.5507246376811594,0.5086505190311419,0.5442535584344331,0.02682115075789632,147
207,0.17080442110697427,0.007301770550893171,0.01839478810628255,0.0018551203055584956,"{0: 1, 1: 2}",gini,9,,0.01,best,"{'class_weight': {0: 1, 1: 2}, 'criterion': 'gini', 'max_depth': 9, 'max_features': None, 'min_samples_split': 0.01, 'splitter': 'best'}",0.5518394648829431,0.5489130434782609,0.5083892617449665,0.5363805900353902,0.01982888179997636,148
169,0.17233649889628092,0.012934081184383564,0.019300063451131184,0.0036507160658273393,"{0: 1, 1: 2}",entropy,9,,0.005,best,"{'class_weight': {0: 1, 1: 2}, 'criterion': 'entropy', 'max_depth': 9, 'max_features': None, 'min_samples_split': 0.005, 'splitter': 'best'}",0.5649122807017544,0.5279187817258884,0.5117845117845118,0.5348718580707182,0.02223958798364987,149
205,0.1718144416809082,0.01904286616195507,0.016414403915405273,0.0007935667764438309,"{0: 1, 1: 2}",gini,9,,0.005,best,"{'class_weight': {0: 1, 1: 2}, 'criterion': 'gini', 'max_depth': 9, 'max_features': None, 'min_samples_split': 0.005, 'splitter': 'best'}",0.5465313028764806,0.5352112676056338,0.5101351351351351,0.5306259018724164,0.015208318792567914,150
74,0.0821538766225179,0.007416176289057254,0.02094300587972005,0.002153725931974795,balanced,entropy,3,,0.01,random,"{'class_weight': 'balanced', 'criterion': 'entropy', 'max_depth': 3, 'max_features': None, 'min_samples_split': 0.01, 'splitter': 'random'}",0.5272108843537415,0.5289855072463768,0.4431977559607293,0.4997980491869492,0.04002900795317752,151
72,0.0867929458618164,0.0038225834561393976,0.01825292905171712,0.003347836896018693,balanced,entropy,3,,0.005,random,"{'class_weight': 'balanced', 'criterion': 'entropy', 'max_depth': 3, 'max_features': None, 'min_samples_split': 0.005, 'splitter': 'random'}",0.5272108843537415,0.5289855072463768,0.4431977559607293,0.4997980491869492,0.04002900795317752,151
108,0.07625118891398112,0.00437003550997817,0.018408775329589844,0.0016357831818599948,balanced,gini,3,,0.005,random,"{'class_weight': 'balanced', 'criterion': 'gini', 'max_depth': 3, 'max_features': None, 'min_samples_split': 0.005, 'splitter': 'random'}",0.5272108843537415,0.5289855072463768,0.4431977559607293,0.4997980491869492,0.04002900795317752,151
110,0.07864777247111003,0.00810744286897812,0.019553979237874348,0.003268672782185,balanced,gini,3,,0.01,random,"{'class_weight': 'balanced', 'criterion': 'gini', 'max_depth': 3, 'max_features': None, 'min_samples_split': 0.01, 'splitter': 'random'}",0.5272108843537415,0.5289855072463768,0.4431977559607293,0.4997980491869492,0.04002900795317752,151
112,0.08256967862447102,0.0052873418256818155,0.01912522315979004,0.0010510420332673044,balanced,gini,3,,0.05,random,"{'class_weight': 'balanced', 'criterion': 'gini', 'max_depth': 3, 'max_features': None, 'min_samples_split': 0.05, 'splitter': 'random'}",0.5272108843537415,0.5251798561151079,0.4431977559607293,0.4985294988098595,0.03913423559977666,155
76,0.069365660349528,0.004000065517507042,0.019800424575805664,0.0010087688902853033,balanced,entropy,3,,0.05,random,"{'class_weight': 'balanced', 'criterion': 'entropy', 'max_depth': 3, 'max_features': None, 'min_samples_split': 0.05, 'splitter': 'random'}",0.5272108843537415,0.5251798561151079,0.4431977559607293,0.4985294988098595,0.03913423559977666,155
83,0.05149348576863607,0.0009276543140221598,0.019079128901163738,0.0021514414391142923,balanced,entropy,3,sqrt,0.05,best,"{'class_weight': 'balanced', 'criterion': 'entropy', 'max_depth': 3, 'max_features': 'sqrt', 'min_samples_split': 0.05, 'splitter': 'best'}",0.19481429572529782,0.6394366197183099,0.6436170212765957,0.49262264557340113,0.21058921920607246,157
115,0.05599204699198405,0.003357324638026643,0.01941816012064616,0.0015061525489406193,balanced,gini,3,sqrt,0.005,best,"{'class_weight': 'balanced', 'criterion': 'gini', 'max_depth': 3, 'max_features': 'sqrt', 'min_samples_split': 0.005, 'splitter': 'best'}",0.19481429572529782,0.6394366197183099,0.6436170212765957,0.49262264557340113,0.21058921920607246,157
119,0.05002013842264811,0.003937797579201759,0.02028067906697591,0.00248975471117116,balanced,gini,3,sqrt,0.05,best,"{'class_weight': 'balanced', 'criterion': 'gini', 'max_depth': 3, 'max_features': 'sqrt', 'min_samples_split': 0.05, 'splitter': 'best'}",0.19481429572529782,0.6394366197183099,0.6436170212765957,0.49262264557340113,0.21058921920607246,157
79,0.05244628588358561,0.007465485202152306,0.019882043202718098,0.0022145436818627458,balanced,entropy,3,sqrt,0.005,best,"{'class_weight': 'balanced', 'criterion': 'entropy', 'max_depth': 3, 'max_features': 'sqrt', 'min_samples_split': 0.005, 'splitter': 'best'}",0.19481429572529782,0.6394366197183099,0.6436170212765957,0.49262264557340113,0.21058921920607246,157
117,0.05756791432698568,0.00524839629626588,0.02069703737894694,0.0034609219817878603,balanced,gini,3,sqrt,0.01,best,"{'class_weight': 'balanced', 'criterion': 'gini', 'max_depth': 3, 'max_features': 'sqrt', 'min_samples_split': 0.01, 'splitter': 'best'}",0.19481429572529782,0.6394366197183099,0.6436170212765957,0.49262264557340113,0.21058921920607246,157
81,0.05489246050516764,0.0045737400802440195,0.017618894577026367,0.0018797495343055456,balanced,entropy,3,sqrt,0.01,best,"{'class_weight': 'balanced', 'criterion': 'entropy', 'max_depth': 3, 'max_features': 'sqrt', 'min_samples_split': 0.01, 'splitter': 'best'}",0.19481429572529782,0.6394366197183099,0.6436170212765957,0.49262264557340113,0.21058921920607246,157
121,0.1362591584523519,0.0016810463317609918,0.022876898447672527,0.0022679158958432114,balanced,gini,6,,0.005,best,"{'class_weight': 'balanced', 'criterion': 'gini', 'max_depth': 6, 'max_features': None, 'min_samples_split': 0.005, 'splitter': 'best'}",0.42787524366471735,0.4334763948497854,0.4180672268907563,0.4264729551350864,0.006368433828273275,163
123,0.12929598490397134,0.007111652739188923,0.020278135935465496,0.0004717666261548729,balanced,gini,6,,0.01,best,"{'class_weight': 'balanced', 'criterion': 'gini', 'max_depth': 6, 'max_features': None, 'min_samples_split': 0.01, 'splitter': 'best'}",0.42787524366471735,0.4330117899249732,0.4180672268907563,0.42631808682681566,0.006199652900729656,164
85,0.14491510391235352,0.011187887815457596,0.020379304885864258,0.0017869913972860397,balanced,entropy,6,,0.005,best,"{'class_weight': 'balanced', 'criterion': 'entropy', 'max_depth': 6, 'max_features': None, 'min_samples_split': 0.005, 'splitter': 'best'}",0.4267578125,0.4334763948497854,0.4182590233545648,0.4261644102347834,0.0062266199226740145,165
87,0.1370083491007487,0.0065374443293141835,0.022130886713663738,0.002339203825720751,balanced,entropy,6,,0.01,best,"{'class_weight': 'balanced', 'criterion': 'entropy', 'max_depth': 6, 'max_features': None, 'min_samples_split': 0.01, 'splitter': 'best'}",0.4269005847953216,0.4330117899249732,0.41798941798941797,0.4259672642365709,0.0061682644826336315,166
89,0.12667004267374674,0.004348936090809381,0.01959649721781413,0.0026416487162360335,balanced,entropy,6,,0.05,best,"{'class_weight': 'balanced', 'criterion': 'entropy', 'max_depth': 6, 'max_features': None, 'min_samples_split': 0.05, 'splitter': 'best'}",0.425,0.4293304994686504,0.41435897435897434,0.42289649127587486,0.006290479724248263,167
125,0.13188536961873373,0.0028105260254489887,0.022274494171142578,0.00047339536371966,balanced,gini,6,,0.05,best,"{'class_weight': 'balanced', 'criterion': 'gini', 'max_depth': 6, 'max_features': None, 'min_samples_split': 0.05, 'splitter': 'best'}",0.425,0.4293304994686504,0.41435897435897434,0.42289649127587486,0.006290479724248263,167
118,0.05331261952718099,0.0017400781484854047,0.018084923426310223,0.0020622541377667224,balanced,gini,3,sqrt,0.05,random,"{'class_weight': 'balanced', 'criterion': 'gini', 'max_depth': 3, 'max_features': 'sqrt', 'min_samples_split': 0.05, 'splitter': 'random'}",0.41875,0.41450777202072536,0.3987096774193548,0.41065581648002675,0.008622907607055315,169
80,0.05389253298441569,0.006381280039120106,0.018646955490112305,0.0016849252120467852,balanced,entropy,3,sqrt,0.01,random,"{'class_weight': 'balanced', 'criterion': 'entropy', 'max_depth': 3, 'max_features': 'sqrt', 'min_samples_split': 0.01, 'splitter': 'random'}",0.41875,0.41450777202072536,0.3987096774193548,0.41065581648002675,0.008622907607055315,169
78,0.05689080556233724,0.0068297909605581405,0.019953091939290363,0.0028161962486125468,balanced,entropy,3,sqrt,0.005,random,"{'class_weight': 'balanced', 'criterion': 'entropy', 'max_depth': 3, 'max_features': 'sqrt', 'min_samples_split': 0.005, 'splitter': 'random'}",0.41875,0.41450777202072536,0.3987096774193548,0.41065581648002675,0.008622907607055315,169
82,0.04823835690816244,0.001720414395255994,0.019776582717895508,0.0024772839600624625,balanced,entropy,3,sqrt,0.05,random,"{'class_weight': 'balanced', 'criterion': 'entropy', 'max_depth': 3, 'max_features': 'sqrt', 'min_samples_split': 0.05, 'splitter': 'random'}",0.41875,0.41450777202072536,0.3987096774193548,0.41065581648002675,0.008622907607055315,169
114,0.04841113090515137,0.003443230031026495,0.020067930221557617,0.0020458968474939155,balanced,gini,3,sqrt,0.005,random,"{'class_weight': 'balanced', 'criterion': 'gini', 'max_depth': 3, 'max_features': 'sqrt', 'min_samples_split': 0.005, 'splitter': 'random'}",0.41875,0.41450777202072536,0.3987096774193548,0.41065581648002675,0.008622907607055315,169
116,0.053331454594930015,0.00444286464192637,0.01944589614868164,0.0012540456454812423,balanced,gini,3,sqrt,0.01,random,"{'class_weight': 'balanced', 'criterion': 'gini', 'max_depth': 3, 'max_features': 'sqrt', 'min_samples_split': 0.01, 'splitter': 'random'}",0.41875,0.41450777202072536,0.3987096774193548,0.41065581648002675,0.008622907607055315,169
90,0.057484706242879234,0.006167841735705398,0.018476565678914387,0.0018376390274636078,balanced,entropy,6,sqrt,0.005,random,"{'class_weight': 'balanced', 'criterion': 'entropy', 'max_depth': 6, 'max_features': 'sqrt', 'min_samples_split': 0.005, 'splitter': 'random'}",0.30493576741041245,0.28655352480417756,0.2825503355704698,0.29134654259501996,0.009747021915186128,175
126,0.05720194180806478,0.008238314221464895,0.020066022872924805,0.000908915249631155,balanced,gini,6,sqrt,0.005,random,"{'class_weight': 'balanced', 'criterion': 'gini', 'max_depth': 6, 'max_features': 'sqrt', 'min_samples_split': 0.005, 'splitter': 'random'}",0.30493576741041245,0.2855288773523686,0.2834008097165992,0.2912884848264601,0.009689114490337065,176
128,0.05556631088256836,0.004060736784292354,0.01894831657409668,0.0014105801590610122,balanced,gini,6,sqrt,0.01,random,"{'class_weight': 'balanced', 'criterion': 'gini', 'max_depth': 6, 'max_features': 'sqrt', 'min_samples_split': 0.01, 'splitter': 'random'}",0.2988808426596445,0.2868421052631579,0.28112449799196787,0.2889491486382567,0.0074005255591632554,177
92,0.06691884994506836,0.0037906410398591446,0.021357377370198567,0.0028604489673480582,balanced,entropy,6,sqrt,0.01,random,"{'class_weight': 'balanced', 'criterion': 'entropy', 'max_depth': 6, 'max_features': 'sqrt', 'min_samples_split': 0.01, 'splitter': 'random'}",0.2988808426596445,0.2878888153540701,0.27360308285163776,0.2867909136217841,0.010348762450590814,178
94,0.06093223889668783,0.0023140838044192645,0.019248565038045246,0.002390785748756861,balanced,entropy,6,sqrt,0.05,random,"{'class_weight': 'balanced', 'criterion': 'entropy', 'max_depth': 6, 'max_features': 'sqrt', 'min_samples_split': 0.05, 'splitter': 'random'}",0.2889589905362776,0.2756923076923077,0.2707672796448954,0.2784728592911602,0.007682585792310628,179
130,0.0566254456837972,0.007079708375822651,0.02105251948038737,0.0015947578141661113,balanced,gini,6,sqrt,0.05,random,"{'class_weight': 'balanced', 'criterion': 'gini', 'max_depth': 6, 'max_features': 'sqrt', 'min_samples_split': 0.05, 'splitter': 'random'}",0.2889589905362776,0.2747858017135863,0.2707672796448954,0.27817069063158645,0.007802892242807949,180
84,0.10514140129089355,0.004350055407222171,0.020461241404215496,0.0010590660690185875,balanced,entropy,6,,0.005,random,"{'class_weight': 'balanced', 'criterion': 'entropy', 'max_depth': 6, 'max_features': None, 'min_samples_split': 0.005, 'splitter': 'random'}",0.20884196634774002,0.42637362637362636,0.18201970443349755,0.272411765718288,0.10941678523239912,181
107,0.0645917256673177,0.006908296721300337,0.018935600916544598,0.0021594851155085264,balanced,entropy,9,sqrt,0.05,best,"{'class_weight': 'balanced', 'criterion': 'entropy', 'max_depth': 9, 'max_features': 'sqrt', 'min_samples_split': 0.05, 'splitter': 'best'}",0.2928053541550474,0.26627508565834557,0.22409823484267075,0.2610595582186879,0.02829096859313535,182
143,0.0691673755645752,0.005626188680511746,0.02360375722249349,0.002616737785721412,balanced,gini,9,sqrt,0.05,best,"{'class_weight': 'balanced', 'criterion': 'gini', 'max_depth': 9, 'max_features': 'sqrt', 'min_samples_split': 0.05, 'splitter': 'best'}",0.2897042716319825,0.26627508565834557,0.22409823484267075,0.2600258640443329,0.027145626951511157,183
132,0.1403071085611979,0.011829915114270112,0.01961374282836914,0.0016955755750246546,balanced,gini,9,,0.005,random,"{'class_weight': 'balanced', 'criterion': 'gini', 'max_depth': 9, 'max_features': None, 'min_samples_split': 0.005, 'splitter': 'random'}",0.2062364927446743,0.2430795847750865,0.2926682692307692,0.24732811558351,0.035413279121050634,184
91,0.06401205062866211,0.00931752738257707,0.020354668299357098,0.003317677357321556,balanced,entropy,6,sqrt,0.005,best,"{'class_weight': 'balanced', 'criterion': 'entropy', 'max_depth': 6, 'max_features': 'sqrt', 'min_samples_split': 0.005, 'splitter': 'best'}",0.28484107579462103,0.217440543601359,0.2375,0.24659387313199335,0.028257527980927264,185
127,0.06372268994649251,0.0037626895217750464,0.020535945892333984,0.00229446411039001,balanced,gini,6,sqrt,0.005,best,"{'class_weight': 'balanced', 'criterion': 'gini', 'max_depth': 6, 'max_features': 'sqrt', 'min_samples_split': 0.005, 'splitter': 'best'}",0.2844932844932845,0.21778447626224567,0.23676148796498905,0.2463464162401731,0.02806444264464311,186
100,0.12220120429992676,0.005046057940922132,0.02244702974955241,0.0018716371465780765,balanced,entropy,9,,0.05,random,"{'class_weight': 'balanced', 'criterion': 'entropy', 'max_depth': 9, 'max_features': None, 'min_samples_split': 0.05, 'splitter': 'random'}",0.2125748502994012,0.2715863453815261,0.23202875399361023,0.23872998322484584,0.024552922336103396,187
96,0.13897291819254556,0.00944349400308249,0.020943244298299152,0.0014099548433081281,balanced,entropy,9,,0.005,random,"{'class_weight': 'balanced', 'criterion': 'entropy', 'max_depth': 9, 'max_features': None, 'min_samples_split': 0.005, 'splitter': 'random'}",0.22264675234456408,0.23438138015516538,0.24537444933920705,0.23413419394631219,0.009280189597074016,188
98,0.13173977533976236,0.01052768940605913,0.030544360478719074,0.007868882054466167,balanced,entropy,9,,0.01,random,"{'class_weight': 'balanced', 'criterion': 'entropy', 'max_depth': 9, 'max_features': None, 'min_samples_split': 0.01, 'splitter': 'random'}",0.19866629619338705,0.2719206680584551,0.22243060765191297,0.2310058573012517,0.030514498512977748,189
105,0.06623125076293945,0.0010542782402569665,0.021903196970621746,0.0018806666007013635,balanced,entropy,9,sqrt,0.01,best,"{'class_weight': 'balanced', 'criterion': 'entropy', 'max_depth': 9, 'max_features': 'sqrt', 'min_samples_split': 0.01, 'splitter': 'best'}",0.24253731343283583,0.23446561723280862,0.20265268352868598,0.22655187139811014,0.017217558005321324,190
138,0.07895429929097493,0.004594719450148176,0.022425015767415363,0.002378487336181881,balanced,gini,9,sqrt,0.005,random,"{'class_weight': 'balanced', 'criterion': 'gini', 'max_depth': 9, 'max_features': 'sqrt', 'min_samples_split': 0.005, 'splitter': 'random'}",0.1944063613929257,0.21569965870307167,0.267590027700831,0.22589868259894277,0.030735184180220573,191
102,0.07509899139404297,0.005703473202035542,0.02184271812438965,0.0023617643600254727,balanced,entropy,9,sqrt,0.005,random,"{'class_weight': 'balanced', 'criterion': 'entropy', 'max_depth': 9, 'max_features': 'sqrt', 'min_samples_split': 0.005, 'splitter': 'random'}",0.19519602429596908,0.21642808452624404,0.26483516483516484,0.22548642455245935,0.029142667651656563,192
141,0.07467937469482422,0.0026468306554346343,0.022607962290445965,0.0028615153228969993,balanced,gini,9,sqrt,0.01,best,"{'class_weight': 'balanced', 'criterion': 'gini', 'max_depth': 9, 'max_features': 'sqrt', 'min_samples_split': 0.01, 'splitter': 'best'}",0.24444444444444444,0.22619984264358772,0.19939209726443768,0.22334546145082332,0.018502956801588425,193
134,0.13470609982808432,0.008705587433557243,0.021428426106770832,0.0013028084958705724,balanced,gini,9,,0.01,random,"{'class_weight': 'balanced', 'criterion': 'gini', 'max_depth': 9, 'max_features': None, 'min_samples_split': 0.01, 'splitter': 'random'}",0.20562175374274366,0.22118612458038045,0.2430890741553313,0.22329898415948513,0.015368759577481352,194
131,0.05894629160563151,0.0006813421332826405,0.02102939287821452,0.0036613292074855817,balanced,gini,6,sqrt,0.05,best,"{'class_weight': 'balanced', 'criterion': 'gini', 'max_depth': 6, 'max_features': 'sqrt', 'min_samples_split': 0.05, 'splitter': 'best'}",0.2071767095463778,0.222265625,0.23927765237020315,0.222906662305527,0.013112991755378434,195
95,0.061050971349080406,0.0056170108696178885,0.023069302241007488,0.0012257435037455835,balanced,entropy,6,sqrt,0.05,best,"{'class_weight': 'balanced', 'criterion': 'entropy', 'max_depth': 6, 'max_features': 'sqrt', 'min_samples_split': 0.05, 'splitter': 'best'}",0.2071767095463778,0.22013061851709567,0.23927765237020315,0.2221949934778922,0.013186201513417957,196
136,0.1202244758605957,0.0020800906053992188,0.018917957941691082,0.002462013649113855,balanced,gini,9,,0.05,random,"{'class_weight': 'balanced', 'criterion': 'gini', 'max_depth': 9, 'max_features': None, 'min_samples_split': 0.05, 'splitter': 'random'}",0.2011611030478955,0.2674135411592791,0.1969332531569453,0.22183596578804,0.03227439863850646,197
93,0.051115830739339195,0.004661355967291181,0.020690361658732098,0.0033421034879833685,balanced,entropy,6,sqrt,0.01,best,"{'class_weight': 'balanced', 'criterion': 'entropy', 'max_depth': 6, 'max_features': 'sqrt', 'min_samples_split': 0.01, 'splitter': 'best'}",0.19505935194096888,0.22289844047166224,0.2375,0.21848593080421033,0.0176050150637378,198
129,0.06284952163696289,0.009113768847727896,0.019613981246948242,0.003083115077170724,balanced,gini,6,sqrt,0.01,best,"{'class_weight': 'balanced', 'criterion': 'gini', 'max_depth': 6, 'max_features': 'sqrt', 'min_samples_split': 0.01, 'splitter': 'best'}",0.19505935194096888,0.2230681385610963,0.23676148796498905,0.21829632615568476,0.01735597269848433,199
101,0.17230796813964844,0.006368379750974105,0.0207213560740153,0.001359805051716928,balanced,entropy,9,,0.05,best,"{'class_weight': 'balanced', 'criterion': 'entropy', 'max_depth': 9, 'max_features': None, 'min_samples_split': 0.05, 'splitter': 'best'}",0.2189631650750341,0.2044378698224852,0.23114158935054457,0.21818087474935463,0.01091577277073726,200
99,0.17490172386169434,0.007972177982722565,0.02005457878112793,0.002050589794772889,balanced,entropy,9,,0.01,best,"{'class_weight': 'balanced', 'criterion': 'entropy', 'max_depth': 9, 'max_features': None, 'min_samples_split': 0.01, 'splitter': 'best'}",0.21833910034602075,0.2037525652301378,0.23048327137546468,0.21752497898387438,0.010927938443920742,201
103,0.059517621994018555,0.004087461948111791,0.01961827278137207,0.0023544919395407917,balanced,entropy,9,sqrt,0.005,best,"{'class_weight': 'balanced', 'criterion': 'entropy', 'max_depth': 9, 'max_features': 'sqrt', 'min_samples_split': 0.005, 'splitter': 'best'}",0.22817314746881878,0.21858736059479553,0.20276794335371742,0.21650948380577725,0.010475185853410795,202
139,0.0760797659556071,0.007723243100302364,0.021277348200480144,0.0016942820879368306,balanced,gini,9,sqrt,0.005,best,"{'class_weight': 'balanced', 'criterion': 'gini', 'max_depth': 9, 'max_features': 'sqrt', 'min_samples_split': 0.005, 'splitter': 'best'}",0.2194708276797829,0.21858736059479553,0.21052631578947367,0.21619483468801737,0.004024442686047704,203
97,0.16943987210591635,0.007037831257855714,0.022942860921223957,0.003730600457469769,balanced,entropy,9,,0.005,best,"{'class_weight': 'balanced', 'criterion': 'entropy', 'max_depth': 9, 'max_features': None, 'min_samples_split': 0.005, 'splitter': 'best'}",0.21305957590037025,0.2035840188014101,0.2302604381976023,0.21563467763312757,0.011041775209054085,204
137,0.18080671628316244,0.003572508887817657,0.022484620412190754,0.001524398009757216,balanced,gini,9,,0.05,best,"{'class_weight': 'balanced', 'criterion': 'gini', 'max_depth': 9, 'max_features': None, 'min_samples_split': 0.05, 'splitter': 'best'}",0.20743700061462814,0.2044917257683215,0.23114158935054457,0.21435677191116476,0.011929409969624195,205
120,0.10570216178894043,0.010612455764172437,0.021158615748087566,0.004080379141356413,balanced,gini,6,,0.005,random,"{'class_weight': 'balanced', 'criterion': 'gini', 'max_depth': 6, 'max_features': None, 'min_samples_split': 0.005, 'splitter': 'random'}",0.21084337349397592,0.1939206304531382,0.23607427055702918,0.21361275816804773,0.017320209046213987,206
135,0.19286251068115234,0.005502138833605194,0.025265057881673176,0.0020503110860276173,balanced,gini,9,,0.01,best,"{'class_weight': 'balanced', 'criterion': 'gini', 'max_depth': 9, 'max_features': None, 'min_samples_split': 0.01, 'splitter': 'best'}",0.20192307692307693,0.2028604786923526,0.2319140140553948,0.2122325232236081,0.013922176351431505,207
133,0.1869963010152181,0.017249277049229024,0.01970195770263672,0.0016302234682199592,balanced,gini,9,,0.005,best,"{'class_weight': 'balanced', 'criterion': 'gini', 'max_depth': 9, 'max_features': None, 'min_samples_split': 0.005, 'splitter': 'best'}",0.19805194805194806,0.20204081632653062,0.2318181818181818,0.2106369820655535,0.01506563827054907,208
122,0.09765164057413737,0.008561803197016058,0.018951416015625,0.0008161692368371683,balanced,gini,6,,0.01,random,"{'class_weight': 'balanced', 'criterion': 'gini', 'max_depth': 6, 'max_features': None, 'min_samples_split': 0.01, 'splitter': 'random'}",0.20530393325387367,0.19413092550790068,0.22561459159397304,0.2083498167852491,0.01303235364825694,209
140,0.07226951917012532,0.0021298277907133203,0.02365883191426595,0.0019205736517273378,balanced,gini,9,sqrt,0.01,random,"{'class_weight': 'balanced', 'criterion': 'gini', 'max_depth': 9, 'max_features': 'sqrt', 'min_samples_split': 0.01, 'splitter': 'random'}",0.21492241663915485,0.2186305179005909,0.18439919701749355,0.2059840438524131,0.015337681558968167,210
106,0.059712489446004234,0.004038928972667946,0.020117839177449543,0.002319894552123512,balanced,entropy,9,sqrt,0.05,random,"{'class_weight': 'balanced', 'criterion': 'entropy', 'max_depth': 9, 'max_features': 'sqrt', 'min_samples_split': 0.05, 'splitter': 'random'}",0.22589928057553957,0.18673647469458987,0.20530275886778931,0.2059795047126396,0.015995308266720562,211
142,0.07075238227844238,0.0033989796579399914,0.02467036247253418,0.00037629995407684,balanced,gini,9,sqrt,0.05,random,"{'class_weight': 'balanced', 'criterion': 'gini', 'max_depth': 9, 'max_features': 'sqrt', 'min_samples_split': 0.05, 'splitter': 'random'}",0.22589928057553957,0.18673647469458987,0.20500894454382826,0.20588156660465254,0.01600005089706519,212
104,0.07081460952758789,0.007991963924183838,0.022284587224324543,0.002476373479363103,balanced,entropy,9,sqrt,0.01,random,"{'class_weight': 'balanced', 'criterion': 'entropy', 'max_depth': 9, 'max_features': 'sqrt', 'min_samples_split': 0.01, 'splitter': 'random'}",0.2099483204134367,0.2186305179005909,0.18439919701749355,0.20432601177717372,0.014529363329741196,213
86,0.1121200720469157,0.003707488327633925,0.02366185188293457,0.0003945269694092156,balanced,entropy,6,,0.01,random,"{'class_weight': 'balanced', 'criterion': 'entropy', 'max_depth': 6, 'max_features': None, 'min_samples_split': 0.01, 'splitter': 'random'}",0.20253164556962025,0.19439728353140917,0.19626972740315637,0.19773288550139526,0.0034782740123519033,214
88,0.10097002983093262,0.005912207080841577,0.02193768819173177,0.0021519044804634187,balanced,entropy,6,,0.05,random,"{'class_weight': 'balanced', 'criterion': 'entropy', 'max_depth': 6, 'max_features': None, 'min_samples_split': 0.05, 'splitter': 'random'}",0.20280948200175591,0.193639178159302,0.1960161662817552,0.19748827548093772,0.0038857815397051114,215
124,0.11476604143778484,0.0061771618588396734,0.020371675491333008,0.002166054778371489,balanced,gini,6,,0.05,random,"{'class_weight': 'balanced', 'criterion': 'gini', 'max_depth': 6, 'max_features': None, 'min_samples_split': 0.05, 'splitter': 'random'}",0.20481569560047563,0.193639178159302,0.18922505307855628,0.19589330894611132,0.0065613953172883955,216
